{
  "Register" : {
    "transaction" : "Register",
    "sampleCount" : 50,
    "errorCount" : 0,
    "errorPct" : 0.0,
    "meanResTime" : 417.4999999999999,
    "medianResTime" : 408.0,
    "minResTime" : 394.0,
    "maxResTime" : 685.0,
    "pct1ResTime" : 424.9,
    "pct2ResTime" : 506.5499999999993,
    "pct3ResTime" : 685.0,
    "throughput" : 11.079104808331486,
    "receivedKBytesPerSec" : 7.497870734544649,
    "sentKBytesPerSec" : 2.7589567637934858
  },
  "Delete User" : {
    "transaction" : "Delete User",
    "sampleCount" : 50,
    "errorCount" : 0,
    "errorPct" : 0.0,
    "meanResTime" : 410.90000000000003,
    "medianResTime" : 408.5,
    "minResTime" : 393.0,
    "maxResTime" : 430.0,
    "pct1ResTime" : 426.8,
    "pct2ResTime" : 427.45,
    "pct3ResTime" : 430.0,
    "throughput" : 11.071744906997344,
    "receivedKBytesPerSec" : 6.655589155225863,
    "sentKBytesPerSec" : 2.2489481842338352
  },
  "Total" : {
    "transaction" : "Total",
    "sampleCount" : 400,
    "errorCount" : 0,
    "errorPct" : 0.0,
    "meanResTime" : 622.5749999999994,
    "medianResTime" : 408.0,
    "minResTime" : 56.0,
    "maxResTime" : 6085.0,
    "pct1ResTime" : 1563.2000000000003,
    "pct2ResTime" : 2526.3999999999996,
    "pct3ResTime" : 3536.1900000000014,
    "throughput" : 46.323103647944414,
    "receivedKBytesPerSec" : 199.18866712507239,
    "sentKBytesPerSec" : 9.251049507817024
  },
  "Create User" : {
    "transaction" : "Create User",
    "sampleCount" : 50,
    "errorCount" : 0,
    "errorPct" : 0.0,
    "meanResTime" : 434.46,
    "medianResTime" : 411.0,
    "minResTime" : 394.0,
    "maxResTime" : 672.0,
    "pct1ResTime" : 473.9,
    "pct2ResTime" : 572.6499999999992,
    "pct3ResTime" : 672.0,
    "throughput" : 10.933741526350317,
    "receivedKBytesPerSec" : 7.956859556090094,
    "sentKBytesPerSec" : 2.5198857424010495
  },
  "Update User" : {
    "transaction" : "Update User",
    "sampleCount" : 50,
    "errorCount" : 0,
    "errorPct" : 0.0,
    "meanResTime" : 409.4,
    "medianResTime" : 406.0,
    "minResTime" : 393.0,
    "maxResTime" : 448.0,
    "pct1ResTime" : 425.8,
    "pct2ResTime" : 429.0,
    "pct3ResTime" : 448.0,
    "throughput" : 11.027790030877812,
    "receivedKBytesPerSec" : 7.502774178429643,
    "sentKBytesPerSec" : 2.4230983954565506
  },
  "Single User" : {
    "transaction" : "Single User",
    "sampleCount" : 50,
    "errorCount" : 0,
    "errorPct" : 0.0,
    "meanResTime" : 114.68,
    "medianResTime" : 99.5,
    "minResTime" : 56.0,
    "maxResTime" : 478.0,
    "pct1ResTime" : 126.0,
    "pct2ResTime" : 409.7,
    "pct3ResTime" : 478.0,
    "throughput" : 11.72607879924953,
    "receivedKBytesPerSec" : 11.41712410588649,
    "sentKBytesPerSec" : 1.3970523569418385
  },
  "Login" : {
    "transaction" : "Login",
    "sampleCount" : 50,
    "errorCount" : 0,
    "errorPct" : 0.0,
    "meanResTime" : 409.84000000000003,
    "medianResTime" : 407.0,
    "minResTime" : 394.0,
    "maxResTime" : 436.0,
    "pct1ResTime" : 426.0,
    "pct2ResTime" : 429.9,
    "pct3ResTime" : 436.0,
    "throughput" : 11.05460977227504,
    "receivedKBytesPerSec" : 7.398383954233916,
    "sentKBytesPerSec" : 2.7204703736458105
  },
  "Update User with patch method" : {
    "transaction" : "Update User with patch method",
    "sampleCount" : 50,
    "errorCount" : 0,
    "errorPct" : 0.0,
    "meanResTime" : 408.43999999999994,
    "medianResTime" : 406.5,
    "minResTime" : 393.0,
    "maxResTime" : 430.0,
    "pct1ResTime" : 424.9,
    "pct2ResTime" : 426.34999999999997,
    "pct3ResTime" : 430.0,
    "throughput" : 11.081560283687944,
    "receivedKBytesPerSec" : 7.546715702570923,
    "sentKBytesPerSec" : 2.4565568207003547
  },
  "Get Users" : {
    "transaction" : "Get Users",
    "sampleCount" : 50,
    "errorCount" : 0,
    "errorPct" : 0.0,
    "meanResTime" : 2375.3799999999997,
    "medianResTime" : 2312.5,
    "minResTime" : 1131.0,
    "maxResTime" : 6085.0,
    "pct1ResTime" : 3340.7999999999997,
    "pct2ResTime" : 4679.3999999999905,
    "pct3ResTime" : 6085.0,
    "throughput" : 8.216926869350864,
    "receivedKBytesPerSec" : 241.49532020336895,
    "sentKBytesPerSec" : 0.8907020336894002
  }
}