{
  "Register" : {
    "transaction" : "Register",
    "sampleCount" : 10,
    "errorCount" : 0,
    "errorPct" : 0.0,
    "meanResTime" : 410.09999999999997,
    "medianResTime" : 406.0,
    "minResTime" : 398.0,
    "maxResTime" : 427.0,
    "pct1ResTime" : 426.5,
    "pct2ResTime" : 427.0,
    "pct3ResTime" : 427.0,
    "throughput" : 12.690355329949238,
    "receivedKBytesPerSec" : 8.575904187817258,
    "sentKBytesPerSec" : 3.160195907360406
  },
  "Delete User" : {
    "transaction" : "Delete User",
    "sampleCount" : 10,
    "errorCount" : 0,
    "errorPct" : 0.0,
    "meanResTime" : 411.40000000000003,
    "medianResTime" : 409.5,
    "minResTime" : 396.0,
    "maxResTime" : 429.0,
    "pct1ResTime" : 428.9,
    "pct2ResTime" : 429.0,
    "pct3ResTime" : 429.0,
    "throughput" : 12.285012285012284,
    "receivedKBytesPerSec" : 7.371007371007371,
    "sentKBytesPerSec" : 2.495393120393121
  },
  "Total" : {
    "transaction" : "Total",
    "sampleCount" : 80,
    "errorCount" : 0,
    "errorPct" : 0.0,
    "meanResTime" : 433.95,
    "medianResTime" : 407.0,
    "minResTime" : 57.0,
    "maxResTime" : 1187.0,
    "pct1ResTime" : 766.6000000000001,
    "pct2ResTime" : 998.4500000000003,
    "pct3ResTime" : 1187.0,
    "throughput" : 19.990004997501252,
    "receivedKBytesPerSec" : 85.96190186156922,
    "sentKBytesPerSec" : 3.9921445527236386
  },
  "Create User" : {
    "transaction" : "Create User",
    "sampleCount" : 10,
    "errorCount" : 0,
    "errorPct" : 0.0,
    "meanResTime" : 407.5,
    "medianResTime" : 401.0,
    "minResTime" : 395.0,
    "maxResTime" : 428.0,
    "pct1ResTime" : 427.8,
    "pct2ResTime" : 428.0,
    "pct3ResTime" : 428.0,
    "throughput" : 12.315270935960593,
    "receivedKBytesPerSec" : 8.975475292487683,
    "sentKBytesPerSec" : 2.8382850985221673
  },
  "Update User" : {
    "transaction" : "Update User",
    "sampleCount" : 10,
    "errorCount" : 0,
    "errorPct" : 0.0,
    "meanResTime" : 442.9,
    "medianResTime" : 411.0,
    "minResTime" : 394.0,
    "maxResTime" : 730.0,
    "pct1ResTime" : 700.2,
    "pct2ResTime" : 730.0,
    "pct3ResTime" : 730.0,
    "throughput" : 12.091898428053204,
    "receivedKBytesPerSec" : 8.232882406287787,
    "sentKBytesPerSec" : 2.6569112756952844
  },
  "Single User" : {
    "transaction" : "Single User",
    "sampleCount" : 10,
    "errorCount" : 0,
    "errorPct" : 0.0,
    "meanResTime" : 58.599999999999994,
    "medianResTime" : 58.5,
    "minResTime" : 57.0,
    "maxResTime" : 60.0,
    "pct1ResTime" : 60.0,
    "pct2ResTime" : 60.0,
    "pct3ResTime" : 60.0,
    "throughput" : 21.09704641350211,
    "receivedKBytesPerSec" : 20.604644646624475,
    "sentKBytesPerSec" : 2.51351529535865
  },
  "Login" : {
    "transaction" : "Login",
    "sampleCount" : 10,
    "errorCount" : 0,
    "errorPct" : 0.0,
    "meanResTime" : 429.8,
    "medianResTime" : 406.5,
    "minResTime" : 397.0,
    "maxResTime" : 654.0,
    "pct1ResTime" : 629.6000000000001,
    "pct2ResTime" : 654.0,
    "pct3ResTime" : 654.0,
    "throughput" : 12.345679012345679,
    "receivedKBytesPerSec" : 8.268229166666666,
    "sentKBytesPerSec" : 3.038194444444444
  },
  "Update User with patch method" : {
    "transaction" : "Update User with patch method",
    "sampleCount" : 10,
    "errorCount" : 0,
    "errorPct" : 0.0,
    "meanResTime" : 410.1,
    "medianResTime" : 409.0,
    "minResTime" : 394.0,
    "maxResTime" : 424.0,
    "pct1ResTime" : 424.0,
    "pct2ResTime" : 424.0,
    "pct3ResTime" : 424.0,
    "throughput" : 11.947431302270013,
    "receivedKBytesPerSec" : 8.127520161290322,
    "sentKBytesPerSec" : 2.6485028375149344
  },
  "Get Users" : {
    "transaction" : "Get Users",
    "sampleCount" : 10,
    "errorCount" : 0,
    "errorPct" : 0.0,
    "meanResTime" : 901.1999999999999,
    "medianResTime" : 860.5,
    "minResTime" : 709.0,
    "maxResTime" : 1187.0,
    "pct1ResTime" : 1176.3,
    "pct2ResTime" : 1187.0,
    "pct3ResTime" : 1187.0,
    "throughput" : 6.697923643670462,
    "receivedKBytesPerSec" : 196.85092933690555,
    "sentKBytesPerSec" : 0.7260444574681848
  }
}