{
  "Register" : {
    "transaction" : "Register",
    "sampleCount" : 150,
    "errorCount" : 0,
    "errorPct" : 0.0,
    "meanResTime" : 422.8866666666667,
    "medianResTime" : 409.0,
    "minResTime" : 393.0,
    "maxResTime" : 1015.0,
    "pct1ResTime" : 457.1,
    "pct2ResTime" : 470.45,
    "pct3ResTime" : 885.9700000000023,
    "throughput" : 0.5572106776424788,
    "receivedKBytesPerSec" : 0.37679195471363086,
    "sentKBytesPerSec" : 0.13875851835823447
  },
  "Delete User" : {
    "transaction" : "Delete User",
    "sampleCount" : 150,
    "errorCount" : 0,
    "errorPct" : 0.0,
    "meanResTime" : 452.8866666666666,
    "medianResTime" : 418.0,
    "minResTime" : 392.0,
    "maxResTime" : 1525.0,
    "pct1ResTime" : 490.9,
    "pct2ResTime" : 750.8,
    "pct3ResTime" : 1287.8500000000042,
    "throughput" : 0.5571216865187694,
    "receivedKBytesPerSec" : 0.3348896179445181,
    "sentKBytesPerSec" : 0.11316534257412504
  },
  "Total" : {
    "transaction" : "Total",
    "sampleCount" : 1200,
    "errorCount" : 1,
    "errorPct" : 0.083333336,
    "meanResTime" : 1533.9958333333332,
    "medianResTime" : 410.0,
    "minResTime" : 56.0,
    "maxResTime" : 271448.0,
    "pct1ResTime" : 4496.900000000003,
    "pct2ResTime" : 6874.500000000002,
    "pct3ResTime" : 11892.79,
    "throughput" : 4.369499437426947,
    "receivedKBytesPerSec" : 18.790262832218506,
    "sentKBytesPerSec" : 0.8726197606970809
  },
  "Create User" : {
    "transaction" : "Create User",
    "sampleCount" : 150,
    "errorCount" : 0,
    "errorPct" : 0.0,
    "meanResTime" : 457.6466666666668,
    "medianResTime" : 408.0,
    "minResTime" : 390.0,
    "maxResTime" : 1449.0,
    "pct1ResTime" : 488.8,
    "pct2ResTime" : 758.25,
    "pct3ResTime" : 1440.8400000000001,
    "throughput" : 0.5561425949613481,
    "receivedKBytesPerSec" : 0.404959430556328,
    "sentKBytesPerSec" : 0.1281734886824982
  },
  "Update User" : {
    "transaction" : "Update User",
    "sampleCount" : 150,
    "errorCount" : 1,
    "errorPct" : 0.6666667,
    "meanResTime" : 480.2866666666669,
    "medianResTime" : 421.5,
    "minResTime" : 393.0,
    "maxResTime" : 1573.0,
    "pct1ResTime" : 736.2,
    "pct2ResTime" : 764.8,
    "pct3ResTime" : 1447.0300000000022,
    "throughput" : 0.5567804725952651,
    "receivedKBytesPerSec" : 0.38040140856179894,
    "sentKBytesPerSec" : 0.12233945931048305
  },
  "Single User" : {
    "transaction" : "Single User",
    "sampleCount" : 150,
    "errorCount" : 0,
    "errorPct" : 0.0,
    "meanResTime" : 175.87333333333353,
    "medianResTime" : 63.0,
    "minResTime" : 56.0,
    "maxResTime" : 7276.0,
    "pct1ResTime" : 249.40000000000077,
    "pct2ResTime" : 448.1499999999999,
    "pct3ResTime" : 4336.870000000053,
    "throughput" : 0.5567184785997417,
    "receivedKBytesPerSec" : 0.5420901206594516,
    "sentKBytesPerSec" : 0.06632778748942235
  },
  "Login" : {
    "transaction" : "Login",
    "sampleCount" : 150,
    "errorCount" : 0,
    "errorPct" : 0.0,
    "meanResTime" : 421.85333333333335,
    "medianResTime" : 406.0,
    "minResTime" : 392.0,
    "maxResTime" : 775.0,
    "pct1ResTime" : 430.70000000000005,
    "pct2ResTime" : 464.34999999999997,
    "pct3ResTime" : 762.7600000000002,
    "throughput" : 0.5571568656583366,
    "receivedKBytesPerSec" : 0.37292511300998427,
    "sentKBytesPerSec" : 0.13711282240810627
  },
  "Update User with patch method" : {
    "transaction" : "Update User with patch method",
    "sampleCount" : 150,
    "errorCount" : 0,
    "errorPct" : 0.0,
    "meanResTime" : 457.3733333333332,
    "medianResTime" : 410.0,
    "minResTime" : 393.0,
    "maxResTime" : 1499.0,
    "pct1ResTime" : 494.9,
    "pct2ResTime" : 744.8,
    "pct3ResTime" : 1247.0600000000045,
    "throughput" : 0.55699342376431,
    "receivedKBytesPerSec" : 0.37905288141981336,
    "sentKBytesPerSec" : 0.12347412811962734
  },
  "Get Users" : {
    "transaction" : "Get Users",
    "sampleCount" : 150,
    "errorCount" : 0,
    "errorPct" : 0.0,
    "meanResTime" : 9403.159999999998,
    "medianResTime" : 6232.0,
    "minResTime" : 2445.0,
    "maxResTime" : 271448.0,
    "pct1ResTime" : 11511.4,
    "pct2ResTime" : 19573.699999999993,
    "pct3ResTime" : 151424.09000000212,
    "throughput" : 0.551610518844854,
    "receivedKBytesPerSec" : 16.212001935923084,
    "sentKBytesPerSec" : 0.05979371835134648
  }
}