{
  "Register" : {
    "transaction" : "Register",
    "sampleCount" : 100,
    "errorCount" : 0,
    "errorPct" : 0.0,
    "meanResTime" : 415.9100000000001,
    "medianResTime" : 407.0,
    "minResTime" : 393.0,
    "maxResTime" : 693.0,
    "pct1ResTime" : 426.0,
    "pct2ResTime" : 427.95,
    "pct3ResTime" : 692.99,
    "throughput" : 5.467169646274123,
    "receivedKBytesPerSec" : 3.6992023057787984,
    "sentKBytesPerSec" : 1.3614533787108414
  },
  "Delete User" : {
    "transaction" : "Delete User",
    "sampleCount" : 100,
    "errorCount" : 0,
    "errorPct" : 0.0,
    "meanResTime" : 408.56999999999994,
    "medianResTime" : 406.0,
    "minResTime" : 392.0,
    "maxResTime" : 479.0,
    "pct1ResTime" : 425.9,
    "pct2ResTime" : 426.95,
    "pct3ResTime" : 478.81999999999994,
    "throughput" : 5.450482367689541,
    "receivedKBytesPerSec" : 3.275292793099689,
    "sentKBytesPerSec" : 1.1071292309369378
  },
  "Total" : {
    "transaction" : "Total",
    "sampleCount" : 800,
    "errorCount" : 0,
    "errorPct" : 0.0,
    "meanResTime" : 939.8875000000003,
    "medianResTime" : 409.0,
    "minResTime" : 56.0,
    "maxResTime" : 19922.0,
    "pct1ResTime" : 2946.2999999999984,
    "pct2ResTime" : 4239.7,
    "pct3ResTime" : 9965.43,
    "throughput" : 34.91620111731844,
    "receivedKBytesPerSec" : 150.13830089036313,
    "sentKBytesPerSec" : 6.973010867667598
  },
  "Create User" : {
    "transaction" : "Create User",
    "sampleCount" : 100,
    "errorCount" : 0,
    "errorPct" : 0.0,
    "meanResTime" : 458.09999999999997,
    "medianResTime" : 423.0,
    "minResTime" : 395.0,
    "maxResTime" : 1006.0,
    "pct1ResTime" : 480.70000000000005,
    "pct2ResTime" : 765.0499999999997,
    "pct3ResTime" : 1005.98,
    "throughput" : 5.391998274560552,
    "receivedKBytesPerSec" : 3.924732337835652,
    "sentKBytesPerSec" : 1.2426871023401274
  },
  "Update User" : {
    "transaction" : "Update User",
    "sampleCount" : 100,
    "errorCount" : 0,
    "errorPct" : 0.0,
    "meanResTime" : 441.33,
    "medianResTime" : 411.5,
    "minResTime" : 394.0,
    "maxResTime" : 1023.0,
    "pct1ResTime" : 475.00000000000006,
    "pct2ResTime" : 716.7999999999997,
    "pct3ResTime" : 1020.2299999999987,
    "throughput" : 5.410084397316598,
    "receivedKBytesPerSec" : 3.6786460587535164,
    "sentKBytesPerSec" : 1.1887392474572602
  },
  "Single User" : {
    "transaction" : "Single User",
    "sampleCount" : 100,
    "errorCount" : 0,
    "errorPct" : 0.0,
    "meanResTime" : 148.61999999999998,
    "medianResTime" : 106.5,
    "minResTime" : 56.0,
    "maxResTime" : 1684.0,
    "pct1ResTime" : 408.8,
    "pct2ResTime" : 456.0999999999998,
    "pct3ResTime" : 1672.4399999999941,
    "throughput" : 5.48185505975222,
    "receivedKBytesPerSec" : 5.335440278615283,
    "sentKBytesPerSec" : 0.6531116379782919
  },
  "Login" : {
    "transaction" : "Login",
    "sampleCount" : 100,
    "errorCount" : 0,
    "errorPct" : 0.0,
    "meanResTime" : 413.0200000000001,
    "medianResTime" : 407.0,
    "minResTime" : 392.0,
    "maxResTime" : 708.0,
    "pct1ResTime" : 426.0,
    "pct2ResTime" : 427.0,
    "pct3ResTime" : 705.1999999999986,
    "throughput" : 5.474052988832932,
    "receivedKBytesPerSec" : 3.668256993102693,
    "sentKBytesPerSec" : 1.3471302277206043
  },
  "Update User with patch method" : {
    "transaction" : "Update User with patch method",
    "sampleCount" : 100,
    "errorCount" : 0,
    "errorPct" : 0.0,
    "meanResTime" : 416.30999999999995,
    "medianResTime" : 408.0,
    "minResTime" : 392.0,
    "maxResTime" : 669.0,
    "pct1ResTime" : 446.2000000000001,
    "pct2ResTime" : 471.95,
    "pct3ResTime" : 667.1999999999991,
    "throughput" : 5.427997611681051,
    "receivedKBytesPerSec" : 3.6930526719318246,
    "sentKBytesPerSec" : 1.2032768143082018
  },
  "Get Users" : {
    "transaction" : "Get Users",
    "sampleCount" : 100,
    "errorCount" : 0,
    "errorPct" : 0.0,
    "meanResTime" : 4817.240000000001,
    "medianResTime" : 3909.0,
    "minResTime" : 1458.0,
    "maxResTime" : 19922.0,
    "pct1ResTime" : 9604.6,
    "pct2ResTime" : 10243.8,
    "pct3ResTime" : 19912.349999999995,
    "throughput" : 4.907493742945477,
    "receivedKBytesPerSec" : 144.23382904132112,
    "sentKBytesPerSec" : 0.5319646537763164
  }
}